Database name	Graph name	URL
ChEBI	http://rdf.integbio.jp/dataset/togosite/chebi	ftp://ftp.ebi.ac.uk/pub/databases/chebi/ontology/nightly/chebi.owl.gz
ChEMBL	http://rdf.integbio.jp/dataset/togosite/chembl	ftp://ftp.ebi.ac.uk/pub/databases/chembl/ChEMBL-RDF/latest/
Reactome	http://rdf.integbio.jp/dataset/togosite/reactome	ftp://ftp.ebi.ac.uk/pub/databases/RDF/reactome/r71/reactome-biopax.tar.bz2
Rhea	http://rdf.integbio.jp/dataset/togosite/rhea	ftp://ftp.ebi.ac.uk/pub/databases/rhea/rdf/rhea.rdf.gz
Ensembl	http://rdf.integbio.jp/dataset/togosite/ensembl	ftp://ftp.ensembl.org/pub/release-102/rdf/homo_sapiens/
neXtProt	http://rdf.integbio.jp/dataset/togosite/nextprot	ftp://ftp.nextprot.org/pub/current_release/rdf/ttl
dbcatalog	http://rdf.integbio.jp/dataset/togosite/dbcatalog/main	http://integbio.jp/rdf/download/dbcatalog/2021-06-30/all/dbcatalog.tar.gz
NANDO	http://rdf.integbio.jp/dataset/togosite/nando	http://integbio.jp/rdf/download/nando/2020-11-11/all/nand.tar.gz
wwPDB	http://rdf.integbio.jp/dataset/togosite/pdbj	http://integbio.jp/rdf/download/pdbj/2021-01-20/all/pdbj.tar.gz
PubcaseFinder	http://rdf.integbio.jp/dataset/togosite/pubcasefinder	http://integbio.jp/rdf/download/pubcasefinder/2021-05-18/all/pubcasefinder.tar.gz
RO	http://rdf.integbio.jp/dataset/togosite/ro	http://purl.obolibrary.org/obo/ro.owl
UBERON	http://rdf.integbio.jp/dataset/togosite/uberon	http://purl.obolibrary.org/obo/uberon.owl
EFO	http://rdf.integbio.jp/dataset/togosite/efo	http://www.ebi.ac.uk/efo/efo.owl
ATC	http://rdf.integbio.jp/dataset/togosite/atc	https://data.bioontology.org/ontologies/ATC/submissions/14/download?apikey=8b5b7825-538d-40e0-9e9e-5ab9274a9aeb
GO	http://rdf.integbio.jp/dataset/togosite/go	https://data.bioontology.org/ontologies/GO/download?apikey=8b5b7825-538d-40e0-9e9e-5ab9274a9aeb&download_format=rdf
hOP	http://rdf.integbio.jp/dataset/togosite/hop	https://github.com/hchiba1/hop-rdf/blob/main/created_rdf/hop2.ttl
ChIP-Atlas gene cross reference	http://rdf.integbio.jp/dataset/togosite/chip_atlas_ncbigene_ensembl	https://github.com/hchiba1/togosite/blob/main/create_rdf/ncbigene-ensembl.ttl
Sequence Ontology	http://rdf.integbio.jp/dataset/togosite/so	https://github.com/The-Sequence-Ontology/SO-Ontologies/archive/refs/tags/v3.1.zip
RefEx GTEx v8	http://rdf.integbio.jp/dataset/togosite/refex_gtex_v8_summary	https://orth.dbcls.jp/rdf/210329_gtex_v8_sum.ttl
RefEx sample GTEx v8	http://rdf.integbio.jp/dataset/togosite/refexsample_gtex_v8_summary	https://orth.dbcls.jp/rdf/210513_refexsample_gtex_v8_sum.ttl
ChIP-Atlas	http://rdf.integbio.jp/dataset/togosite/chip_atlas	https://orth.dbcls.jp/rdf/chip_atlas_target_gene.ttl
Homo_sapiens.gene_info	http://rdf.integbio.jp/dataset/togosite/homo_sapiens_gene_info	https://orth.dbcls.jp/rdf/Homo_sapiens.gene_info.ttl
HomoloGene Data	http://rdf.integbio.jp/dataset/togosite/homologene/data	https://orth.dbcls.jp/rdf/homologene.ttl
RefEx tissue classifications for GTEx v6	http://rdf.integbio.jp/dataset/togosite/refexo_tissue_classifications	https://orth.dbcls.jp/rdf/refexo_tissue_classifications.ttl
GTEx v6	http://rdf.integbio.jp/dataset/togosite/refex_tissue_specific_genes_gtex_v6	https://orth.dbcls.jp/rdf/tissue_specific_genes_gtex_v6.ttl
HomoloGene Ontology	http://rdf.integbio.jp/dataset/togosite/homologene/ontology	https://raw.githubusercontent.com/hchiba1/homologene-rdf/master/created_rdf/homologene_branchtime.ttl
RefEx ver1 gene cross reference	http://rdf.integbio.jp/dataset/togosite/refex_id_relation_human	https://raw.githubusercontent.com/hchiba1/refex-add-rdf/main/created_rdf/RefEx_ID_Relation_human.ttl
RefEx ver1 GeneChip	http://rdf.integbio.jp/dataset/togosite/refex_tissue_specific_genechip_human_GSE7307	https://raw.githubusercontent.com/hchiba1/refex-add-rdf/main/created_rdf/RefEx_tissue_specific_genechip_human_GSE7307.ttl
RefEx ver1 RNA-seq	http://rdf.integbio.jp/dataset/togosite/refex_tissue_specific_rnaseq_human_PRJEB2445	https://raw.githubusercontent.com/hchiba1/refex-add-rdf/main/created_rdf/RefEx_tissue_specific_RNAseq_human_PRJEB2445.ttl
RefEx Ontology modified version	http://rdf.integbio.jp/dataset/togosite/refexo	https://raw.githubusercontent.com/hchiba1/refex-add-rdf/main/created_rdf/refexo_v0.06.ttl
RefEx Ontology additional terms	http://rdf.integbio.jp/dataset/togosite/refexo_add	https://raw.githubusercontent.com/hchiba1/refex-add-rdf/main/created_rdf/refexo-add.ttl
MEDGEN	http://rdf.integbio.jp/dataset/togosite/medgen	https://togovar-stg.biosciencedbc.jp/public/virtuoso/medgen/latest/
ClinVar	http://rdf.integbio.jp/dataset/togosite/clinvar	https://togovar.biosciencedbc.jp/public/virtuoso/clinvar/latest/
HGNC symbol report	http://rdf.integbio.jp/dataset/togosite/hgnc	https://togovar.biosciencedbc.jp/public/virtuoso/hgnc/latest/hgnc_complete_set.ttl
HPO	http://rdf.integbio.jp/dataset/togosite/hpo	https://togovar.biosciencedbc.jp/public/virtuoso/HPO/20210217/hp.owl
MESH	http://rdf.integbio.jp/dataset/togosite/mesh	https://togovar.biosciencedbc.jp/public/virtuoso/mesh/20210305/mesh.nt.gz
MONDO	http://rdf.integbio.jp/dataset/togosite/mondo	https://togovar.biosciencedbc.jp/public/virtuoso/mondo/latest/mondo.owl
TogoVar Variant VEP annotation	http://rdf.integbio.jp/dataset/togosite/variation/annotation/clinvar	https://togovar.biosciencedbc.jp/public/virtuoso/variant_condition/clinvar/latest/
TogoVar Variant Position and Allele	http://rdf.integbio.jp/dataset/togosite/variation	https://togovar.biosciencedbc.jp/public/virtuoso/variant/v3/
UniProt	http://rdf.integbio.jp/dataset/togosite/uniprot	https://www.uniprot.org/uniprot/?query=organism:9606&format=rdf&compress=yes
PubChem	http://rdf.integbio.jp/dataset/togosite/pubchem
UniProt keywords	http://rdf.integbio.jp/dataset/togosite/uniprot/keywords	ftp://ftp.uniprot.org/pub/databases/uniprot/current_release/rdf/keywords.rdf.xz
UniProt tissues	http://rdf.integbio.jp/dataset/togosite/uniprot/tissues	ftp://ftp.uniprot.org/pub/databases/uniprot/current_release/rdf/tissues.rdf.xz
GWAS Catalog  http://rdf.integbio.jp/dataset/togosite/gwas-catalog  https://togovar.biosciencedbc.jp/public/virtuoso/mount_on_isql/gwas_catalog_v1.0.2-associations_e100_r2021-03-25_add_dbsnp_url.ttl.gz
TogoID_chembl_compound-chebi	http://rdf.integbio.jp/dataset/togosite/togoid/chembl_compound-chebi	http://ep6.dbcls.jp/togoid/link/togosite/chembl_compound-chebi.ttl
TogoID_chembl_compound-chembl_target	http://rdf.integbio.jp/dataset/togosite/togoid/chembl_compound-chembl_target	http://ep6.dbcls.jp/togoid/link/togosite/chembl_compound-chembl_target.ttl
TogoID_chembl_compound-pubchem_compound	http://rdf.integbio.jp/dataset/togosite/togoid/chembl_compound-pubchem_compound	http://ep6.dbcls.jp/togoid/link/togosite/chembl_compound-pubchem_compound.ttl
TogoID_chembl_target-ensembl_gene	http://rdf.integbio.jp/dataset/togosite/togoid/chembl_target-ensembl_gene	http://ep6.dbcls.jp/togoid/link/togosite/chembl_target-ensembl_gene.ttl
TogoID_chembl_target-pdb	http://rdf.integbio.jp/dataset/togosite/togoid/chembl_target-pdb	http://ep6.dbcls.jp/togoid/link/togosite/chembl_target-pdb.ttl
TogoID_chembl_target-uniprot	http://rdf.integbio.jp/dataset/togosite/togoid/chembl_target-uniprot	http://ep6.dbcls.jp/togoid/link/togosite/chembl_target-uniprot.ttl
TogoID_ensembl_gene-ensembl_transcript	http://rdf.integbio.jp/dataset/togosite/togoid/ensembl_gene-ensembl_transcript	http://ep6.dbcls.jp/togoid/link/togosite/ensembl_gene-ensembl_transcript.ttl
TogoID_ensembl_gene-hgnc	http://rdf.integbio.jp/dataset/togosite/togoid/ensembl_gene-hgnc	http://ep6.dbcls.jp/togoid/link/togosite/ensembl_gene-hgnc.ttl
TogoID_ensembl_gene-ncbigene	http://rdf.integbio.jp/dataset/togosite/togoid/ensembl_gene-ncbigene	http://ep6.dbcls.jp/togoid/link/togosite/ensembl_gene-ncbigene.ttl
TogoID_ensembl_gene-uniprot	http://rdf.integbio.jp/dataset/togosite/togoid/ensembl_gene-uniprot	http://ep6.dbcls.jp/togoid/link/togosite/ensembl_gene-uniprot.ttl
TogoID_ensembl_transcript-hgnc	http://rdf.integbio.jp/dataset/togosite/togoid/ensembl_transcript-hgnc	http://ep6.dbcls.jp/togoid/link/togosite/ensembl_transcript-hgnc.ttl
TogoID_hgnc-ensembl_gene	http://rdf.integbio.jp/dataset/togosite/togoid/hgnc-ensembl_gene	http://ep6.dbcls.jp/togoid/link/togosite/hgnc-ensembl_gene.ttl
TogoID_hgnc-ncbigene	http://rdf.integbio.jp/dataset/togosite/togoid/hgnc-ncbigene	http://ep6.dbcls.jp/togoid/link/togosite/hgnc-ncbigene.ttl
TogoID_hgnc-uniprot	http://rdf.integbio.jp/dataset/togosite/togoid/hgnc-uniprot	http://ep6.dbcls.jp/togoid/link/togosite/hgnc-uniprot.ttl
TogoID_medgen-hp	http://rdf.integbio.jp/dataset/togosite/togoid/medgen-hp	http://ep6.dbcls.jp/togoid/link/togosite/medgen-hp.ttl
TogoID_medgen-mondo	http://rdf.integbio.jp/dataset/togosite/togoid/medgen-mondo	http://ep6.dbcls.jp/togoid/link/togosite/medgen-mondo.ttl
TogoID_medgen-ncbigene	http://rdf.integbio.jp/dataset/togosite/togoid/medgen-ncbigene	http://ep6.dbcls.jp/togoid/link/togosite/medgen-ncbigene.ttl
TogoID_medgen-omim_phenotype	http://rdf.integbio.jp/dataset/togosite/togoid/medgen-omim_phenotype	http://ep6.dbcls.jp/togoid/link/togosite/medgen-omim_phenotype.ttl
TogoID_medgen-orphanet	http://rdf.integbio.jp/dataset/togosite/togoid/medgen-orphanet	http://ep6.dbcls.jp/togoid/link/togosite/medgen-orphanet.ttl
TogoID_mondo-hp	http://rdf.integbio.jp/dataset/togosite/togoid/mondo-hp	http://ep6.dbcls.jp/togoid/link/togosite/mondo-hp.ttl
TogoID_mondo-omim_phenotype	http://rdf.integbio.jp/dataset/togosite/togoid/mondo-omim_phenotype	http://ep6.dbcls.jp/togoid/link/togosite/mondo-omim_phenotype.ttl
TogoID_mondo-orphanet	http://rdf.integbio.jp/dataset/togosite/togoid/mondo-orphanet	http://ep6.dbcls.jp/togoid/link/togosite/mondo-orphanet.ttl
TogoID_nando-mondo	http://rdf.integbio.jp/dataset/togosite/togoid/nando-mondo	http://ep6.dbcls.jp/togoid/link/togosite/nando-mondo.ttl
TogoID_ncbigene-ensembl_gene	http://rdf.integbio.jp/dataset/togosite/togoid/ncbigene-ensembl_gene	http://ep6.dbcls.jp/togoid/link/togosite/ncbigene-ensembl_gene.ttl
TogoID_ncbigene-ensembl_transcript	http://rdf.integbio.jp/dataset/togosite/togoid/ncbigene-ensembl_transcript	http://ep6.dbcls.jp/togoid/link/togosite/ncbigene-ensembl_transcript.ttl
TogoID_ncbigene-hgnc	http://rdf.integbio.jp/dataset/togosite/togoid/ncbigene-hgnc	http://ep6.dbcls.jp/togoid/link/togosite/ncbigene-hgnc.ttl
TogoID_orphanet-omim_phenotype	http://rdf.integbio.jp/dataset/togosite/togoid/orphanet-omim_phenotype	http://ep6.dbcls.jp/togoid/link/togosite/orphanet-omim_phenotype.ttl
TogoID_pdb-uniprot	http://rdf.integbio.jp/dataset/togosite/togoid/pdb-uniprot	http://ep6.dbcls.jp/togoid/link/togosite/pdb-uniprot.ttl
TogoID_pubchem_compound-chebi	http://rdf.integbio.jp/dataset/togosite/togoid/pubchem_compound-chebi	http://ep6.dbcls.jp/togoid/link/togosite/pubchem_compound-chebi.ttl
TogoID_pubchem_compound-chembl_compound	http://rdf.integbio.jp/dataset/togosite/togoid/pubchem_compound-chembl_compound	http://ep6.dbcls.jp/togoid/link/togosite/pubchem_compound-chembl_compound.ttl
TogoID_pubchem_compound-ensembl_gene	http://rdf.integbio.jp/dataset/togosite/togoid/pubchem_compound-ensembl_gene	http://ep6.dbcls.jp/togoid/link/togosite/pubchem_compound-ensembl_gene.ttl
TogoID_pubchem_compound-uniprot	http://rdf.integbio.jp/dataset/togosite/togoid/pubchem_compound-uniprot	http://ep6.dbcls.jp/togoid/link/togosite/pubchem_compound-uniprot.ttl
TogoID_togovar-ensembl_gene	http://rdf.integbio.jp/dataset/togosite/togoid/togovar-ensembl_gene	http://ep6.dbcls.jp/togoid/link/togosite/togovar-ensembl_gene.ttl
TogoID_togovar-ensembl_transcript	http://rdf.integbio.jp/dataset/togosite/togoid/togovar-ensembl_transcript	http://ep6.dbcls.jp/togoid/link/togosite/togovar-ensembl_transcript.ttl
TogoID_togovar-hgnc	http://rdf.integbio.jp/dataset/togosite/togoid/togovar-hgnc	http://ep6.dbcls.jp/togoid/link/togosite/togovar-hgnc.ttl
TogoID_togovar-medgen	http://rdf.integbio.jp/dataset/togosite/togoid/togovar-medgen	http://ep6.dbcls.jp/togoid/link/togosite/togovar-medgen.ttl
TogoID_togovar-ncbigene	http://rdf.integbio.jp/dataset/togosite/togoid/togovar-ncbigene	http://ep6.dbcls.jp/togoid/link/togosite/togovar-ncbigene.ttl
TogoID_uniprot-chembl_target	http://rdf.integbio.jp/dataset/togosite/togoid/uniprot-chembl_target	http://ep6.dbcls.jp/togoid/link/togosite/uniprot-chembl_target.ttl
TogoID_uniprot-ensembl_gene	http://rdf.integbio.jp/dataset/togosite/togoid/uniprot-ensembl_gene	http://ep6.dbcls.jp/togoid/link/togosite/uniprot-ensembl_gene.ttl
TogoID_uniprot-ensembl_transcript	http://rdf.integbio.jp/dataset/togosite/togoid/uniprot-ensembl_transcript	http://ep6.dbcls.jp/togoid/link/togosite/uniprot-ensembl_transcript.ttl
TogoID_uniprot-hgnc	http://rdf.integbio.jp/dataset/togosite/togoid/uniprot-hgnc	http://ep6.dbcls.jp/togoid/link/togosite/uniprot-hgnc.ttl
TogoID_uniprot-ncbigene	http://rdf.integbio.jp/dataset/togosite/togoid/uniprot-ncbigene	http://ep6.dbcls.jp/togoid/link/togosite/uniprot-ncbigene.ttl
TogoID_uniprot-omim_phenotype	http://rdf.integbio.jp/dataset/togosite/togoid/uniprot-omim_phenotype	http://ep6.dbcls.jp/togoid/link/togosite/uniprot-omim_phenotype.ttl
TogoID_uniprot-orphanet	http://rdf.integbio.jp/dataset/togosite/togoid/uniprot-orphanet	http://ep6.dbcls.jp/togoid/link/togosite/uniprot-orphanet.ttl
TogoID_uniprot-pdb	http://rdf.integbio.jp/dataset/togosite/togoid/uniprot-pdb	http://ep6.dbcls.jp/togoid/link/togosite/uniprot-pdb.ttl
